STATION,STATION_NAME,DATE,PRCP,SNWD,SNOW,TMAX,TMIN,AWND,WDF2,WDF5,WSF2,WSF5,PGTM,WT14,WT01,WT02,WT04,WT13,WT16,WT08,WT18,WT03
GHCND:USW00013743,WASHINGTON REAGAN NATIONAL AIRPORT VA US,20130101,0,0,0,72,33,27,350,340,67,76,-9999,-9999,-9999,-9999,-9999,-9999,-9999,-9999,-9999,-9999
GHCND:USW00013743,WASHINGTON REAGAN NATIONAL AIRPORT VA US,20130102,0,0,0,44,-11,41,330,350,80,98,-9999,-9999,-9999,-9999,-9999,-9999,-9999,-9999,-9999,-9999
GHCND:USW00013743,WASHINGTON REAGAN NATIONAL AIRPORT VA US,20130103,0,0,0,33,-11,27,170,180,58,67,-9999,-9999,-9999,-9999,-9999,-9999,-9999,-9999,-9999,-9999
GHCND:USW00013743,WASHINGTON REAGAN NATIONAL AIRPORT VA US,20130104,0,0,0,78,-28,34,270,270,94,116,-9999,-9999,-9999,-9999,-9999,-9999,-9999,-9999,-9999,-9999
GHCND:USW00013743,WASHINGTON REAGAN NATIONAL AIRPORT VA US,20130105,3,0,0,78,-6,26,310,310,76,107,-9999,-9999,-9999,-9999,-9999,-9999,1,-9999,1,-9999
GHCND:USW00013743,WASHINGTON REAGAN NATIONAL AIRPORT VA US,20130106,0,0,0,111,11,26,170,240,63,89,-9999,-9999,-9999,-9999,-9999,-9999,1,-9999,-9999,-9999
GHCND:USW00013743,WASHINGTON REAGAN NATIONAL AIRPORT VA US,20130107,0,0,0,94,11,34,310,310,80,112,-9999,-9999,-9999,-9999,-9999,-9999,-9999,-9999,-9999,-9999
GHCND:USW00013743,WASHINGTON REAGAN NATIONAL AIRPORT VA US,20130108,0,0,0,117,-11,28,210,210,72,94,-9999,-9999,-9999,-9999,-9999,-9999,-9999,-9999,-9999,-9999
GHCND:USW00013743,WASHINGTON REAGAN NATIONAL AIRPORT VA US,20130109,3,0,0,122,11,13,340,320,72,98,-9999,-9999,1,-9999,-9999,-9999,1,-9999,-9999,-9999
GHCND:USW00013743,WASHINGTON REAGAN NATIONAL AIRPORT VA US,20130110,0,0,0,139,61,29,310,320,72,98,-9999,-9999,-9999,-9999,-9999,-9999,-9999,-9999,-9999,-9999
GHCND:USW00013743,WASHINGTON REAGAN NATIONAL AIRPORT VA US,20130111,3,0,0,78,33,10,270,260,40,54,-9999,1,1,-9999,-9999,1,1,-9999,-9999,-9999
GHCND:USW00013743,WASHINGTON REAGAN NATIONAL AIRPORT VA US,20130112,0,0,0,106,61,17,180,160,58,76,-9999,-9999,1,1,-9999,1,-9999,1,-9999,-9999
GHCND:USW00013743,WASHINGTON REAGAN NATIONAL AIRPORT VA US,20130113,0,0,0,128,61,13,170,160,40,45,-9999,1,1,1,-9999,1,-9999,-9999,-9999,-9999
GHCND:USW00013743,WASHINGTON REAGAN NATIONAL AIRPORT VA US,20130114,23,0,0,172,56,44,310,320,94,116,-9999,-9999,-9999,1,-9999,1,1,-9999,-9999,-9999
GHCND:USW00013743,WASHINGTON REAGAN NATIONAL AIRPORT VA US,20130115,201,0,0,56,28,38,80,360,80,98,-9999,1,-9999,-9999,-9999,1,1,-9999,-9999,-9999
GHCND:USW00013743,WASHINGTON REAGAN NATIONAL AIRPORT VA US,20130116,74,0,0,61,28,25,190,190,76,94,-9999,1,1,-9999,-9999,1,1,-9999,-9999,-9999
GHCND:USW00013743,WASHINGTON REAGAN NATIONAL AIRPORT VA US,20130117,3,0,0,78,44,30,330,340,76,89,-9999,-9999,-9999,-9999,-9999,-9999,1,-9999,-9999,-9999
GHCND:USW00013743,WASHINGTON REAGAN NATIONAL AIRPORT VA US,20130118,0,0,0,44,-6,51,340,340,130,161,-9999,-9999,-9999,-9999,-9999,-9999,-9999,-9999,-9999,-9999
GHCND:USW00013743,WASHINGTON REAGAN NATIONAL AIRPORT VA US,20130119,0,0,0,122,6,60,200,200,94,116,-9999,-9999,-9999,-9999,-9999,-9999,-9999,-9999,-9999,-9999
GHCND:USW00013743,WASHINGTON REAGAN NATIONAL AIRPORT VA US,20130120,0,0,0,167,33,54,310,300,107,148,-9999,-9999,-9999,-9999,-9999,-9999,-9999,-9999,-9999,-9999
GHCND:USW00013743,WASHINGTON REAGAN NATIONAL AIRPORT VA US,20130121,0,0,0,83,0,45,320,320,116,165,-9999,-9999,-9999,-9999,-9999,-9999,-9999,-9999,-9999,-9999
GHCND:USW00013743,WASHINGTON REAGAN NATIONAL AIRPORT VA US,20130122,0,0,0,0,-72,69,320,330,130,174,-9999,-9999,-9999,-9999,-9999,-9999,-9999,-9999,-9999,-9999
GHCND:USW00013743,WASHINGTON REAGAN NATIONAL AIRPORT VA US,20130123,0,0,0,-22,-94,36,270,340,89,125,-9999,-9999,-9999,-9999,-9999,-9999,-9999,-9999,1,-9999
GHCND:USW00013743,WASHINGTON REAGAN NATIONAL AIRPORT VA US,20130124,8,0,10,-17,-72,55,340,340,130,148,-9999,-9999,-9999,-9999,-9999,1,-9999,-9999,1,-9999
GHCND:USW00013743,WASHINGTON REAGAN NATIONAL AIRPORT VA US,20130125,5,0,10,-39,-72,31,180,180,76,98,-9999,-9999,-9999,-9999,-9999,-9999,-9999,-9999,1,-9999
GHCND:USW00013743,WASHINGTON REAGAN NATIONAL AIRPORT VA US,20130126,0,0,0,28,-44,25,330,340,76,103,-9999,-9999,-9999,-9999,-9999,-9999,-9999,-9999,1,-9999
GHCND:USW00013743,WASHINGTON REAGAN NATIONAL AIRPORT VA US,20130127,0,0,0,33,-28,30,340,350,54,63,-9999,-9999,-9999,-9999,-9999,-9999,-9999,-9999,-9999,-9999
GHCND:USW00013743,WASHINGTON REAGAN NATIONAL AIRPORT VA US,20130128,33,0,3,78,6,41,200,200,80,98,-9999,-9999,-9999,-9999,1,-9999,1,1,1,-9999
GHCND:USW00013743,WASHINGTON REAGAN NATIONAL AIRPORT VA US,20130129,0,0,0,206,50,32,190,190,63,67,-9999,-9999,1,-9999,-9999,1,-9999,-9999,-9999,-9999
GHCND:USW00013743,WASHINGTON REAGAN NATIONAL AIRPORT VA US,20130130,218,0,0,222,111,61,210,180,103,130,-9999,-9999,1,-9999,-9999,1,1,-9999,-9999,-9999
GHCND:USW00013743,WASHINGTON REAGAN NATIONAL AIRPORT VA US,20130131,71,0,0,189,0,77,210,200,148,192,-9999,-9999,1,-9999,-9999,1,1,-9999,-9999,-9999
GHCND:USW00013743,WASHINGTON REAGAN NATIONAL AIRPORT VA US,20130201,3,0,5,22,-61,59,290,290,139,201,-9999,-9999,-9999,-9999,-9999,-9999,-9999,-9999,1,-9999
GHCND:USW00013743,WASHINGTON REAGAN NATIONAL AIRPORT VA US,20130202,5,0,5,6,-78,30,190,190,98,116,-9999,-9999,-9999,-9999,-9999,1,-9999,-9999,1,-9999
GHCND:USW00013743,WASHINGTON REAGAN NATIONAL AIRPORT VA US,20130203,0,0,0,17,-28,21,320,330,107,143,-9999,-9999,-9999,-9999,-9999,1,-9999,-9999,1,-9999
GHCND:USW00013743,WASHINGTON REAGAN NATIONAL AIRPORT VA US,20130204,0,0,0,28,-33,31,290,290,89,130,-9999,-9999,-9999,-9999,-9999,-9999,-9999,-9999,-9999,-9999
GHCND:USW00013743,WASHINGTON REAGAN NATIONAL AIRPORT VA US,20130205,0,0,0,56,11,20,60,10,40,58,-9999,-9999,-9999,-9999,-9999,-9999,-9999,-9999,-9999,-9999
GHCND:USW00013743,WASHINGTON REAGAN NATIONAL AIRPORT VA US,20130206,0,0,0,94,11,36,340,330,103,130,-9999,-9999,-9999,-9999,-9999,-9999,1,-9999,-9999,-9999
GHCND:USW00013743,WASHINGTON REAGAN NATIONAL AIRPORT VA US,20130207,0,0,0,50,0,25,60,60,67,76,-9999,-9999,-9999,-9999,-9999,-9999,-9999,-9999,-9999,-9999
GHCND:USW00013743,WASHINGTON REAGAN NATIONAL AIRPORT VA US,20130208,51,0,0,67,11,55,330,330,143,206,-9999,1,-9999,-9999,-9999,1,1,1,-9999,-9999
GHCND:USW00013743,WASHINGTON REAGAN NATIONAL AIRPORT VA US,20130209,0,0,0,61,-6,79,340,330,156,192,-9999,-9999,-9999,-9999,-9999,-9999,-9999,-9999,-9999,-9999
GHCND:USW00013743,WASHINGTON REAGAN NATIONAL AIRPORT VA US,20130210,0,0,0,78,-33,26,170,220,58,76,-9999,-9999,-9999,-9999,-9999,-9999,-9999,-9999,-9999,-9999
GHCND:USW00013743,WASHINGTON REAGAN NATIONAL AIRPORT VA US,20130211,71,0,0,122,33,41,200,200,80,103,-9999,1,1,-9999,-9999,1,1,-9999,-9999,-9999
GHCND:USW00013743,WASHINGTON REAGAN NATIONAL AIRPORT VA US,20130212,0,0,0,150,44,39,340,340,94,125,-9999,-9999,-9999,-9999,-9999,-9999,-9999,-9999,-9999,-9999
GHCND:USW00013743,WASHINGTON REAGAN NATIONAL AIRPORT VA US,20130213,48,0,0,89,11,31,330,330,63,72,-9999,-9999,1,-9999,-9999,1,1,-9999,1,-9999
GHCND:USW00013743,WASHINGTON REAGAN NATIONAL AIRPORT VA US,20130214,0,0,0,100,17,28,330,320,76,94,-9999,-9999,-9999,-9999,-9999,1,-9999,-9999,-9999,-9999
GHCND:USW00013743,WASHINGTON REAGAN NATIONAL AIRPORT VA US,20130215,25,0,0,156,22,38,320,330,125,161,-9999,-9999,1,-9999,-9999,1,1,-9999,1,-9999
GHCND:USW00013743,WASHINGTON REAGAN NATIONAL AIRPORT VA US,20130216,5,0,0,50,6,45,340,320,98,134,-9999,-9999,1,-9999,-9999,-9999,1,-9999,1,-9999
GHCND:USW00013743,WASHINGTON REAGAN NATIONAL AIRPORT VA US,20130217,0,0,0,11,-33,75,290,310,130,174,-9999,-9999,-9999,-9999,-9999,-9999,-9999,-9999,-9999,-9999
GHCND:USW00013743,WASHINGTON REAGAN NATIONAL AIRPORT VA US,20130218,0,0,0,56,-56,36,320,320,72,103,-9999,-9999,-9999,-9999,-9999,-9999,-9999,-9999,-9999,-9999
GHCND:USW00013743,WASHINGTON REAGAN NATIONAL AIRPORT VA US,20130219,18,0,0,83,33,57,200,190,112,134,-9999,-9999,-9999,-9999,1,-9999,1,-9999,-9999,-9999
GHCND:USW00013743,WASHINGTON REAGAN NATIONAL AIRPORT VA US,20130220,0,0,0,50,-28,73,320,320,130,170,-9999,-9999,-9999,-9999,-9999,-9999,-9999,-9999,-9999,-9999
GHCND:USW00013743,WASHINGTON REAGAN NATIONAL AIRPORT VA US,20130221,0,0,0,50,-39,57,320,320,98,134,-9999,-9999,-9999,-9999,-9999,-9999,-9999,-9999,-9999,-9999
GHCND:USW00013743,WASHINGTON REAGAN NATIONAL AIRPORT VA US,20130222,15,0,0,17,-6,26,20,10,76,94,-9999,1,-9999,-9999,1,-9999,1,-9999,1,-9999
GHCND:USW00013743,WASHINGTON REAGAN NATIONAL AIRPORT VA US,20130223,20,0,0,78,11,27,340,10,54,80,-9999,1,1,-9999,-9999,1,1,-9999,-9999,-9999
GHCND:USW00013743,WASHINGTON REAGAN NATIONAL AIRPORT VA US,20130224,0,0,0,122,17,62,330,340,143,183,-9999,-9999,-9999,-9999,-9999,1,-9999,-9999,-9999,-9999
GHCND:USW00013743,WASHINGTON REAGAN NATIONAL AIRPORT VA US,20130225,0,0,0,111,-11,21,320,10,76,103,-9999,-9999,-9999,-9999,-9999,-9999,-9999,-9999,-9999,-9999
GHCND:USW00013743,WASHINGTON REAGAN NATIONAL AIRPORT VA US,20130226,157,0,0,78,6,45,70,80,112,139,-9999,1,1,-9999,-9999,1,1,-9999,-9999,-9999
GHCND:USW00013743,WASHINGTON REAGAN NATIONAL AIRPORT VA US,20130227,3,0,0,144,56,35,270,290,72,94,-9999,1,1,-9999,-9999,1,-9999,-9999,-9999,-9999
GHCND:USW00013743,WASHINGTON REAGAN NATIONAL AIRPORT VA US,20130228,3,0,0,94,56,47,280,350,94,161,-9999,-9999,-9999,-9999,-9999,-9999,1,-9999,-9999,-9999
GHCND:USW00013743,WASHINGTON REAGAN NATIONAL AIRPORT VA US,20130301,0,0,0,78,33,59,310,310,94,125,-9999,-9999,-9999,-9999,-9999,-9999,-9999,-9999,-9999,-9999
GHCND:USW00013743,WASHINGTON REAGAN NATIONAL AIRPORT VA US,20130302,0,0,0,39,0,55,330,310,80,107,-9999,-9999,-9999,-9999,-9999,-9999,-9999,-9999,-9999,-9999
GHCND:USW00013743,WASHINGTON REAGAN NATIONAL AIRPORT VA US,20130303,0,0,0,67,-11,60,340,340,112,139,-9999,-9999,-9999,-9999,-9999,-9999,-9999,-9999,-9999,-9999
GHCND:USW00013743,WASHINGTON REAGAN NATIONAL AIRPORT VA US,20130304,0,0,0,78,-11,61,330,330,112,156,-9999,-9999,-9999,-9999,-9999,-9999,-9999,-9999,-9999,-9999
GHCND:USW00013743,WASHINGTON REAGAN NATIONAL AIRPORT VA US,20130305,0,0,0,117,0,36,100,100,76,98,-9999,-9999,-9999,-9999,-9999,-9999,1,-9999,1,-9999
GHCND:USW00013743,WASHINGTON REAGAN NATIONAL AIRPORT VA US,20130306,262,0,5,50,11,92,350,350,174,215,-9999,-9999,1,-9999,-9999,1,1,-9999,1,-9999
GHCND:USW00013743,WASHINGTON REAGAN NATIONAL AIRPORT VA US,20130307,0,0,0,111,28,72,340,340,134,174,-9999,-9999,-9999,-9999,-9999,-9999,-9999,-9999,-9999,-9999
GHCND:USW00013743,WASHINGTON REAGAN NATIONAL AIRPORT VA US,20130308,0,0,0,111,33,85,350,340,148,179,-9999,-9999,-9999,-9999,-9999,-9999,-9999,-9999,-9999,-9999
GHCND:USW00013743,WASHINGTON REAGAN NATIONAL AIRPORT VA US,20130309,0,0,0,167,11,29,10,70,72,103,-9999,-9999,-9999,-9999,-9999,-9999,-9999,-9999,-9999,-9999
GHCND:USW00013743,WASHINGTON REAGAN NATIONAL AIRPORT VA US,20130310,0,0,0,172,28,27,110,-9999,112,-9999,-9999,-9999,-9999,-9999,-9999,-9999,-9999,-9999,-9999,-9999
GHCND:USW00013743,WASHINGTON REAGAN NATIONAL AIRPORT VA US,20130311,0,0,0,167,67,46,170,190,94,125,-9999,-9999,-9999,-9999,-9999,-9999,1,-9999,-9999,-9999
GHCND:USW00013743,WASHINGTON REAGAN NATIONAL AIRPORT VA US,20130312,211,0,0,156,56,67,340,320,112,143,-9999,-9999,1,-9999,-9999,1,1,-9999,-9999,-9999
GHCND:USW00013743,WASHINGTON REAGAN NATIONAL AIRPORT VA US,20130313,0,0,0,111,22,49,320,330,112,148,-9999,-9999,-9999,-9999,-9999,-9999,1,-9999,-9999,-9999
GHCND:USW00013743,WASHINGTON REAGAN NATIONAL AIRPORT VA US,20130314,0,0,0,83,11,67,310,280,143,174,-9999,-9999,-9999,-9999,-9999,-9999,-9999,-9999,-9999,-9999
GHCND:USW00013743,WASHINGTON REAGAN NATIONAL AIRPORT VA US,20130315,0,0,0,150,6,38,220,240,80,134,-9999,-9999,-9999,-9999,-9999,-9999,-9999,-9999,-9999,-9999
GHCND:USW00013743,WASHINGTON REAGAN NATIONAL AIRPORT VA US,20130316,8,0,0,161,50,34,30,20,94,125,-9999,-9999,-9999,-9999,-9999,-9999,1,-9999,-9999,-9999
GHCND:USW00013743,WASHINGTON REAGAN NATIONAL AIRPORT VA US,20130317,0,0,0,61,28,30,10,30,67,80,-9999,-9999,-9999,-9999,-9999,-9999,-9999,-9999,-9999,-9999
GHCND:USW00013743,WASHINGTON REAGAN NATIONAL AIRPORT VA US,20130318,81,0,0,44,6,36,70,60,80,103,-9999,1,-9999,-9999,-9999,1,1,-9999,1,-9999
GHCND:USW00013743,WASHINGTON REAGAN NATIONAL AIRPORT VA US,20130319,0,0,0,156,39,46,270,290,143,197,-9999,-9999,-9999,-9999,-9999,-9999,-9999,-9999,-9999,-9999
GHCND:USW00013743,WASHINGTON REAGAN NATIONAL AIRPORT VA US,20130320,0,0,0,122,39,55,220,260,125,148,-9999,-9999,-9999,-9999,-9999,-9999,-9999,-9999,-9999,-9999
GHCND:USW00013743,WASHINGTON REAGAN NATIONAL AIRPORT VA US,20130321,0,0,0,56,-6,69,330,340,107,139,-9999,-9999,-9999,-9999,-9999,-9999,-9999,-9999,1,-9999
GHCND:USW00013743,WASHINGTON REAGAN NATIONAL AIRPORT VA US,20130322,0,0,0,100,-22,49,280,320,103,139,-9999,-9999,-9999,-9999,-9999,-9999,-9999,-9999,-9999,-9999
GHCND:USW00013743,WASHINGTON REAGAN NATIONAL AIRPORT VA US,20130323,0,0,0,128,0,38,330,350,89,112,-9999,-9999,-9999,-9999,-9999,-9999,-9999,-9999,-9999,-9999
GHCND:USW00013743,WASHINGTON REAGAN NATIONAL AIRPORT VA US,20130324,10,0,0,67,11,29,130,100,72,98,-9999,1,1,-9999,-9999,1,1,-9999,1,-9999
GHCND:USW00013743,WASHINGTON REAGAN NATIONAL AIRPORT VA US,20130325,132,25,36,39,6,36,330,330,63,72,-9999,-9999,1,-9999,-9999,1,1,-9999,1,-9999
GHCND:USW00013743,WASHINGTON REAGAN NATIONAL AIRPORT VA US,20130326,0,0,0,106,17,42,350,310,94,116,-9999,-9999,-9999,-9999,-9999,-9999,-9999,-9999,-9999,-9999
GHCND:USW00013743,WASHINGTON REAGAN NATIONAL AIRPORT VA US,20130327,3,0,0,111,39,58,310,310,98,130,-9999,-9999,-9999,-9999,-9999,-9999,1,-9999,-9999,-9999
GHCND:USW00013743,WASHINGTON REAGAN NATIONAL AIRPORT VA US,20130328,0,0,0,100,44,53,320,320,107,139,-9999,-9999,-9999,-9999,-9999,-9999,1,-9999,-9999,-9999
GHCND:USW00013743,WASHINGTON REAGAN NATIONAL AIRPORT VA US,20130329,0,0,0,156,56,42,330,360,103,134,-9999,-9999,-9999,-9999,-9999,-9999,-9999,-9999,-9999,-9999
GHCND:USW00013743,WASHINGTON REAGAN NATIONAL AIRPORT VA US,20130330,0,0,0,161,50,17,300,320,67,116,-9999,-9999,-9999,-9999,-9999,-9999,-9999,-9999,-9999,-9999
GHCND:USW00013743,WASHINGTON REAGAN NATIONAL AIRPORT VA US,20130331,5,0,0,133,72,26,170,210,72,125,-9999,1,-9999,-9999,-9999,1,1,-9999,-9999,-9999
GHCND:USW00013743,WASHINGTON REAGAN NATIONAL AIRPORT VA US,20130401,0,0,0,200,50,50,310,330,130,170,-9999,-9999,-9999,-9999,-9999,-9999,-9999,-9999,-9999,-9999
GHCND:USW00013743,WASHINGTON REAGAN NATIONAL AIRPORT VA US,20130402,0,0,0,106,39,55,330,270,103,143,-9999,-9999,-9999,-9999,-9999,-9999,-9999,-9999,-9999,-9999
GHCND:USW00013743,WASHINGTON REAGAN NATIONAL AIRPORT VA US,20130403,0,0,0,122,6,51,350,330,130,170,-9999,-9999,-9999,-9999,-9999,-9999,-9999,-9999,-9999,-9999
GHCND:USW00013743,WASHINGTON REAGAN NATIONAL AIRPORT VA US,20130404,36,0,0,100,-5,30,180,180,81,98,-9999,-9999,1,-9999,-9999,-9999,-9999,-9999,-9999,-9999
GHCND:USW00013743,WASHINGTON REAGAN NATIONAL AIRPORT VA US,20130405,30,0,0,194,39,50,350,330,98,116,-9999,-9999,1,-9999,-9999,-9999,-9999,-9999,-9999,-9999
GHCND:USW00013743,WASHINGTON REAGAN NATIONAL AIRPORT VA US,20130406,0,0,0,150,44,42,170,210,81,130,-9999,-9999,-9999,-9999,-9999,-9999,-9999,-9999,-9999,-9999
GHCND:USW00013743,WASHINGTON REAGAN NATIONAL AIRPORT VA US,20130407,0,0,0,217,56,60,220,220,112,157,-9999,-9999,-9999,-9999,-9999,-9999,-9999,-9999,-9999,-9999
GHCND:USW00013743,WASHINGTON REAGAN NATIONAL AIRPORT VA US,20130408,0,0,0,267,117,38,170,220,67,76,-9999,-9999,-9999,-9999,-9999,-9999,-9999,-9999,-9999,-9999
GHCND:USW00013743,WASHINGTON REAGAN NATIONAL AIRPORT VA US,20130409,0,0,0,300,156,41,310,320,76,103,-9999,-9999,-9999,-9999,-9999,-9999,-9999,-9999,-9999,-9999
GHCND:USW00013743,WASHINGTON REAGAN NATIONAL AIRPORT VA US,20130410,0,0,0,328,172,49,180,240,81,112,-9999,-9999,-9999,-9999,-9999,-9999,-9999,-9999,-9999,-9999
GHCND:USW00013743,WASHINGTON REAGAN NATIONAL AIRPORT VA US,20130411,0,0,0,300,139,35,30,30,112,143,-9999,-9999,-9999,-9999,-9999,-9999,-9999,-9999,-9999,-9999
GHCND:USW00013743,WASHINGTON REAGAN NATIONAL AIRPORT VA US,20130412,203,0,0,239,117,45,350,350,116,139,-9999,-9999,-9999,-9999,-9999,-9999,-9999,-9999,-9999,-9999
GHCND:USW00013743,WASHINGTON REAGAN NATIONAL AIRPORT VA US,20130413,0,0,0,211,94,30,360,360,94,116,-9999,-9999,-9999,-9999,-9999,-9999,-9999,-9999,-9999,-9999
GHCND:USW00013743,WASHINGTON REAGAN NATIONAL AIRPORT VA US,20130414,0,0,0,206,89,35,340,350,76,94,-9999,-9999,-9999,-9999,-9999,-9999,-9999,-9999,-9999,-9999
GHCND:USW00013743,WASHINGTON REAGAN NATIONAL AIRPORT VA US,20130415,0,0,0,172,139,31,130,130,67,81,-9999,-9999,-9999,-9999,-9999,-9999,-9999,-9999,-9999,-9999
GHCND:USW00013743,WASHINGTON REAGAN NATIONAL AIRPORT VA US,20130416,0,0,0,233,133,36,180,180,89,103,-9999,-9999,-9999,-9999,-9999,-9999,-9999,-9999,-9999,-9999
GHCND:USW00013743,WASHINGTON REAGAN NATIONAL AIRPORT VA US,20130417,0,0,0,272,161,28,60,60,81,94,-9999,-9999,-9999,-9999,-9999,-9999,-9999,-9999,-9999,-9999
GHCND:USW00013743,WASHINGTON REAGAN NATIONAL AIRPORT VA US,20130418,15,0,0,256,161,39,170,180,94,112,-9999,-9999,-9999,-9999,-9999,-9999,-9999,-9999,-9999,-9999
GHCND:USW00013743,WASHINGTON REAGAN NATIONAL AIRPORT VA US,20130419,348,0,0,261,111,62,240,250,192,237,-9999,-9999,-9999,-9999,-9999,-9999,-9999,-9999,-9999,-9999
GHCND:USW00013743,WASHINGTON REAGAN NATIONAL AIRPORT VA US,20130420,3,0,0,167,89,63,330,310,94,139,-9999,-9999,-9999,-9999,-9999,-9999,-9999,-9999,-9999,-9999
GHCND:USW00013743,WASHINGTON REAGAN NATIONAL AIRPORT VA US,20130421,0,0,0,133,56,41,30,30,76,98,-9999,-9999,-9999,-9999,-9999,-9999,-9999,-9999,-9999,-9999
GHCND:USW00013743,WASHINGTON REAGAN NATIONAL AIRPORT VA US,20130422,0,0,0,139,50,47,100,90,81,107,-9999,-9999,-9999,-9999,-9999,-9999,-9999,-9999,-9999,-9999
GHCND:USW00013743,WASHINGTON REAGAN NATIONAL AIRPORT VA US,20130423,0,0,0,172,89,27,40,40,67,89,-9999,-9999,-9999,-9999,-9999,-9999,-9999,-9999,-9999,-9999
GHCND:USW00013743,WASHINGTON REAGAN NATIONAL AIRPORT VA US,20130424,0,0,0,261,89,55,320,310,134,174,-9999,-9999,-9999,-9999,-9999,-9999,-9999,-9999,-9999,-9999
GHCND:USW00013743,WASHINGTON REAGAN NATIONAL AIRPORT VA US,20130425,3,0,0,183,83,47,340,330,130,165,-9999,-9999,-9999,-9999,-9999,-9999,-9999,1,-9999,-9999
GHCND:USW00013743,WASHINGTON REAGAN NATIONAL AIRPORT VA US,20130426,0,0,0,200,83,24,340,300,67,89,-9999,-9999,-9999,-9999,-9999,-9999,-9999,-9999,-9999,-9999
GHCND:USW00013743,WASHINGTON REAGAN NATIONAL AIRPORT VA US,20130427,0,0,0,228,94,21,170,140,58,72,-9999,-9999,-9999,-9999,-9999,-9999,-9999,-9999,-9999,-9999
GHCND:USW00013743,WASHINGTON REAGAN NATIONAL AIRPORT VA US,20130428,0,0,0,200,106,36,170,180,76,98,-9999,-9999,-9999,-9999,-9999,-9999,-9999,-9999,-9999,-9999
GHCND:USW00013743,WASHINGTON REAGAN NATIONAL AIRPORT VA US,20130429,58,0,0,167,122,32,100,100,89,112,-9999,-9999,-9999,-9999,-9999,-9999,-9999,-9999,-9999,-9999
GHCND:USW00013743,WASHINGTON REAGAN NATIONAL AIRPORT VA US,20130430,5,0,0,167,133,39,70,60,76,98,-9999,-9999,-9999,-9999,-9999,-9999,-9999,-9999,-9999,-9999
GHCND:USW00013743,WASHINGTON REAGAN NATIONAL AIRPORT VA US,20130501,0,0,0,217,100,43,110,110,81,94,-9999,-9999,-9999,-9999,-9999,-9999,-9999,-9999,-9999,-9999
GHCND:USW00013743,WASHINGTON REAGAN NATIONAL AIRPORT VA US,20130502,0,0,0,200,94,27,110,120,72,89,-9999,-9999,-9999,-9999,-9999,-9999,-9999,-9999,-9999,-9999
GHCND:USW00013743,WASHINGTON REAGAN NATIONAL AIRPORT VA US,20130503,0,0,0,200,94,43,110,120,76,98,-9999,-9999,-9999,-9999,-9999,-9999,-9999,-9999,-9999,-9999
GHCND:USW00013743,WASHINGTON REAGAN NATIONAL AIRPORT VA US,20130504,0,0,0,206,100,41,100,100,98,116,-9999,-9999,-9999,-9999,-9999,-9999,-9999,-9999,-9999,-9999
GHCND:USW00013743,WASHINGTON REAGAN NATIONAL AIRPORT VA US,20130505,0,0,0,178,83,42,50,60,81,107,-9999,-9999,-9999,-9999,-9999,-9999,-9999,1,-9999,-9999
GHCND:USW00013743,WASHINGTON REAGAN NATIONAL AIRPORT VA US,20130506,0,0,0,183,111,54,100,90,89,107,-9999,-9999,-9999,-9999,-9999,-9999,-9999,-9999,-9999,-9999
GHCND:USW00013743,WASHINGTON REAGAN NATIONAL AIRPORT VA US,20130507,140,0,0,189,150,54,80,100,89,112,-9999,-9999,1,-9999,-9999,-9999,-9999,-9999,-9999,-9999
GHCND:USW00013743,WASHINGTON REAGAN NATIONAL AIRPORT VA US,20130508,10,0,0,222,150,25,180,180,112,139,-9999,-9999,-9999,-9999,-9999,-9999,-9999,-9999,-9999,-9999
GHCND:USW00013743,WASHINGTON REAGAN NATIONAL AIRPORT VA US,20130509,15,0,0,250,133,22,280,280,63,81,-9999,-9999,1,-9999,-9999,-9999,-9999,-9999,-9999,-9999
GHCND:USW00013743,WASHINGTON REAGAN NATIONAL AIRPORT VA US,20130510,122,0,0,283,144,27,290,320,76,98,-9999,-9999,-9999,-9999,-9999,-9999,-9999,-9999,-9999,-9999
GHCND:USW00013743,WASHINGTON REAGAN NATIONAL AIRPORT VA US,20130511,18,0,0,267,178,30,340,340,76,98,-9999,-9999,-9999,-9999,-9999,-9999,-9999,-9999,-9999,-9999
GHCND:USW00013743,WASHINGTON REAGAN NATIONAL AIRPORT VA US,20130512,0,0,0,194,117,58,320,310,116,161,-9999,-9999,-9999,-9999,-9999,-9999,-9999,-9999,-9999,-9999
GHCND:USW00013743,WASHINGTON REAGAN NATIONAL AIRPORT VA US,20130513,0,0,0,172,78,49,280,270,107,157,-9999,-9999,-9999,-9999,-9999,-9999,-9999,-9999,-9999,-9999
GHCND:USW00013743,WASHINGTON REAGAN NATIONAL AIRPORT VA US,20130514,0,0,0,194,56,27,290,280,67,107,-9999,-9999,-9999,-9999,-9999,-9999,-9999,-9999,-9999,-9999
GHCND:USW00013743,WASHINGTON REAGAN NATIONAL AIRPORT VA US,20130515,0,0,0,300,139,37,200,200,103,130,-9999,-9999,-9999,-9999,-9999,-9999,-9999,-9999,-9999,-9999
GHCND:USW00013743,WASHINGTON REAGAN NATIONAL AIRPORT VA US,20130516,0,0,0,306,189,43,270,270,112,143,-9999,-9999,-9999,-9999,-9999,-9999,-9999,-9999,-9999,-9999
GHCND:USW00013743,WASHINGTON REAGAN NATIONAL AIRPORT VA US,20130517,0,0,0,283,172,27,120,110,67,107,-9999,-9999,-9999,-9999,-9999,-9999,-9999,-9999,-9999,-9999
GHCND:USW00013743,WASHINGTON REAGAN NATIONAL AIRPORT VA US,20130518,15,0,0,194,161,30,170,180,67,81,-9999,-9999,1,-9999,-9999,-9999,-9999,-9999,-9999,-9999
GHCND:USW00013743,WASHINGTON REAGAN NATIONAL AIRPORT VA US,20130519,5,0,0,250,161,20,80,90,54,63,-9999,-9999,1,-9999,-9999,-9999,-9999,-9999,-9999,-9999
GHCND:USW00013743,WASHINGTON REAGAN NATIONAL AIRPORT VA US,20130520,0,0,0,278,189,31,180,220,58,94,-9999,-9999,1,-9999,-9999,-9999,-9999,-9999,-9999,-9999
GHCND:USW00013743,WASHINGTON REAGAN NATIONAL AIRPORT VA US,20130521,0,0,0,278,200,38,170,170,67,76,-9999,-9999,1,-9999,-9999,-9999,-9999,-9999,-9999,-9999
GHCND:USW00013743,WASHINGTON REAGAN NATIONAL AIRPORT VA US,20130522,5,0,0,300,211,41,320,320,76,94,-9999,-9999,-9999,-9999,-9999,-9999,-9999,-9999,-9999,-9999
GHCND:USW00013743,WASHINGTON REAGAN NATIONAL AIRPORT VA US,20130523,43,0,0,283,189,46,170,300,94,107,-9999,-9999,-9999,-9999,-9999,-9999,-9999,-9999,-9999,1
GHCND:USW00013743,WASHINGTON REAGAN NATIONAL AIRPORT VA US,20130524,3,0,0,194,94,72,320,320,130,170,-9999,-9999,-9999,-9999,-9999,-9999,-9999,-9999,-9999,-9999
GHCND:USW00013743,WASHINGTON REAGAN NATIONAL AIRPORT VA US,20130525,0,0,0,200,78,66,330,330,130,165,-9999,-9999,-9999,-9999,-9999,-9999,-9999,-9999,-9999,-9999
GHCND:USW00013743,WASHINGTON REAGAN NATIONAL AIRPORT VA US,20130526,0,0,0,233,106,45,340,310,94,130,-9999,-9999,-9999,-9999,-9999,-9999,-9999,-9999,-9999,-9999
GHCND:USW00013743,WASHINGTON REAGAN NATIONAL AIRPORT VA US,20130527,0,0,0,228,111,19,240,250,45,72,-9999,-9999,-9999,-9999,-9999,-9999,-9999,-9999,-9999,-9999
GHCND:USW00013743,WASHINGTON REAGAN NATIONAL AIRPORT VA US,20130528,340,0,0,294,172,29,100,100,130,165,-9999,-9999,-9999,-9999,-9999,-9999,-9999,-9999,-9999,-9999
GHCND:USW00013743,WASHINGTON REAGAN NATIONAL AIRPORT VA US,20130529,0,0,0,322,206,40,190,190,72,94,-9999,-9999,-9999,-9999,-9999,-9999,-9999,-9999,-9999,-9999
GHCND:USW00013743,WASHINGTON REAGAN NATIONAL AIRPORT VA US,20130530,0,0,0,322,211,38,170,180,67,76,-9999,-9999,-9999,-9999,-9999,-9999,-9999,-9999,-9999,-9999
GHCND:USW00013743,WASHINGTON REAGAN NATIONAL AIRPORT VA US,20130531,0,0,0,328,211,48,210,220,94,116,-9999,-9999,-9999,-9999,-9999,-9999,-9999,-9999,-9999,-9999
GHCND:USW00013743,WASHINGTON REAGAN NATIONAL AIRPORT VA US,20130601,0,0,0,328,222,50,180,210,81,112,-9999,-9999,-9999,-9999,-9999,-9999,-9999,-9999,-9999,-9999
GHCND:USW00013743,WASHINGTON REAGAN NATIONAL AIRPORT VA US,20130602,30,0,0,300,222,54,310,310,107,148,-9999,-9999,-9999,-9999,-9999,-9999,-9999,-9999,-9999,1
GHCND:USW00013743,WASHINGTON REAGAN NATIONAL AIRPORT VA US,20130603,107,0,0,283,206,37,320,290,103,148,-9999,-9999,1,-9999,-9999,-9999,-9999,-9999,-9999,-9999
GHCND:USW00013743,WASHINGTON REAGAN NATIONAL AIRPORT VA US,20130604,0,0,0,256,167,35,360,350,81,98,-9999,-9999,-9999,-9999,-9999,-9999,-9999,-9999,-9999,-9999
GHCND:USW00013743,WASHINGTON REAGAN NATIONAL AIRPORT VA US,20130605,0,0,0,267,150,27,170,170,63,76,-9999,-9999,-9999,-9999,-9999,-9999,-9999,-9999,-9999,-9999
GHCND:USW00013743,WASHINGTON REAGAN NATIONAL AIRPORT VA US,20130606,216,0,0,244,178,39,140,140,81,103,-9999,-9999,1,-9999,-9999,-9999,-9999,-9999,-9999,-9999
GHCND:USW00013743,WASHINGTON REAGAN NATIONAL AIRPORT VA US,20130607,424,0,0,228,206,39,320,320,98,125,-9999,-9999,1,-9999,-9999,-9999,-9999,-9999,-9999,-9999
GHCND:USW00013743,WASHINGTON REAGAN NATIONAL AIRPORT VA US,20130608,0,0,0,278,200,27,310,320,58,76,-9999,-9999,-9999,-9999,-9999,-9999,-9999,-9999,-9999,-9999
GHCND:USW00013743,WASHINGTON REAGAN NATIONAL AIRPORT VA US,20130609,3,0,0,283,200,26,130,130,63,76,-9999,-9999,-9999,-9999,-9999,-9999,-9999,-9999,-9999,-9999
GHCND:USW00013743,WASHINGTON REAGAN NATIONAL AIRPORT VA US,20130610,704,0,0,267,211,34,210,280,125,139,-9999,-9999,-9999,-9999,-9999,-9999,-9999,-9999,-9999,-9999
GHCND:USW00013743,WASHINGTON REAGAN NATIONAL AIRPORT VA US,20130611,0,0,0,294,200,43,300,280,98,125,-9999,-9999,-9999,-9999,-9999,-9999,-9999,-9999,-9999,-9999
GHCND:USW00013743,WASHINGTON REAGAN NATIONAL AIRPORT VA US,20130612,0,0,0,328,211,34,330,330,76,107,-9999,-9999,-9999,-9999,-9999,-9999,-9999,-9999,-9999,-9999
GHCND:USW00013743,WASHINGTON REAGAN NATIONAL AIRPORT VA US,20130613,5,0,0,322,217,51,320,330,125,174,-9999,-9999,-9999,-9999,-9999,-9999,-9999,-9999,-9999,-9999
GHCND:USW00013743,WASHINGTON REAGAN NATIONAL AIRPORT VA US,20130614,5,0,0,272,167,60,10,360,116,157,-9999,-9999,-9999,-9999,-9999,-9999,-9999,-9999,-9999,-9999
GHCND:USW00013743,WASHINGTON REAGAN NATIONAL AIRPORT VA US,20130615,0,0,0,294,172,38,310,300,72,112,-9999,-9999,-9999,-9999,-9999,-9999,-9999,-9999,-9999,-9999
GHCND:USW00013743,WASHINGTON REAGAN NATIONAL AIRPORT VA US,20130616,0,0,0,306,206,31,240,240,98,125,-9999,-9999,-9999,-9999,-9999,-9999,-9999,-9999,-9999,-9999
GHCND:USW00013743,WASHINGTON REAGAN NATIONAL AIRPORT VA US,20130617,0,0,0,300,228,32,160,160,72,81,-9999,-9999,-9999,-9999,-9999,-9999,-9999,-9999,-9999,-9999
GHCND:USW00013743,WASHINGTON REAGAN NATIONAL AIRPORT VA US,20130618,58,0,0,256,200,28,50,50,76,89,-9999,-9999,1,-9999,-9999,-9999,-9999,-9999,-9999,-9999
GHCND:USW00013743,WASHINGTON REAGAN NATIONAL AIRPORT VA US,20130619,0,0,0,256,194,28,50,30,67,81,-9999,-9999,-9999,-9999,-9999,-9999,-9999,-9999,-9999,-9999
GHCND:USW00013743,WASHINGTON REAGAN NATIONAL AIRPORT VA US,20130620,0,0,0,267,189,34,170,170,63,81,-9999,-9999,-9999,-9999,-9999,-9999,-9999,-9999,-9999,-9999
GHCND:USW00013743,WASHINGTON REAGAN NATIONAL AIRPORT VA US,20130621,0,0,0,289,172,17,170,170,54,63,-9999,-9999,-9999,-9999,-9999,-9999,-9999,-9999,-9999,-9999
GHCND:USW00013743,WASHINGTON REAGAN NATIONAL AIRPORT VA US,20130622,0,0,0,300,194,36,170,180,81,98,-9999,-9999,-9999,-9999,-9999,-9999,-9999,-9999,-9999,-9999
GHCND:USW00013743,WASHINGTON REAGAN NATIONAL AIRPORT VA US,20130623,117,0,0,300,222,22,170,210,58,67,-9999,-9999,1,-9999,-9999,-9999,-9999,-9999,-9999,-9999
GHCND:USW00013743,WASHINGTON REAGAN NATIONAL AIRPORT VA US,20130624,5,0,0,322,228,30,270,270,103,125,-9999,-9999,-9999,-9999,-9999,-9999,-9999,-9999,-9999,1
GHCND:USW00013743,WASHINGTON REAGAN NATIONAL AIRPORT VA US,20130625,0,0,0,344,222,31,340,340,143,170,-9999,-9999,-9999,-9999,-9999,-9999,-9999,-9999,-9999,1
GHCND:USW00013743,WASHINGTON REAGAN NATIONAL AIRPORT VA US,20130626,3,0,0,328,228,31,320,320,67,89,-9999,-9999,-9999,-9999,-9999,-9999,-9999,-9999,-9999,1
GHCND:USW00013743,WASHINGTON REAGAN NATIONAL AIRPORT VA US,20130627,58,0,0,289,222,35,210,220,81,107,-9999,-9999,1,-9999,-9999,-9999,-9999,-9999,-9999,-9999
GHCND:USW00013743,WASHINGTON REAGAN NATIONAL AIRPORT VA US,20130628,726,0,0,317,206,36,260,260,206,237,-9999,-9999,-9999,-9999,-9999,-9999,-9999,-9999,-9999,-9999
GHCND:USW00013743,WASHINGTON REAGAN NATIONAL AIRPORT VA US,20130629,0,0,0,306,211,31,180,180,67,76,-9999,-9999,1,-9999,-9999,-9999,-9999,-9999,-9999,-9999
GHCND:USW00013743,WASHINGTON REAGAN NATIONAL AIRPORT VA US,20130630,71,0,0,306,244,34,100,100,72,89,-9999,-9999,-9999,-9999,-9999,-9999,-9999,-9999,-9999,-9999
GHCND:USW00013743,WASHINGTON REAGAN NATIONAL AIRPORT VA US,20130701,152,0,0,289,233,43,170,170,94,103,-9999,-9999,-9999,-9999,-9999,-9999,-9999,-9999,-9999,-9999
GHCND:USW00013743,WASHINGTON REAGAN NATIONAL AIRPORT VA US,20130702,43,0,0,289,233,55,190,200,81,107,-9999,-9999,-9999,-9999,-9999,-9999,-9999,-9999,-9999,-9999
GHCND:USW00013743,WASHINGTON REAGAN NATIONAL AIRPORT VA US,20130703,38,0,0,306,233,47,180,180,76,89,-9999,-9999,-9999,-9999,-9999,-9999,-9999,-9999,-9999,-9999
GHCND:USW00013743,WASHINGTON REAGAN NATIONAL AIRPORT VA US,20130704,0,0,0,317,244,46,180,170,81,103,-9999,-9999,-9999,-9999,-9999,-9999,-9999,-9999,-9999,-9999
GHCND:USW00013743,WASHINGTON REAGAN NATIONAL AIRPORT VA US,20130705,0,0,0,322,244,47,200,190,94,125,-9999,-9999,-9999,-9999,-9999,-9999,-9999,-9999,-9999,-9999
GHCND:USW00013743,WASHINGTON REAGAN NATIONAL AIRPORT VA US,20130706,0,0,0,333,250,45,200,200,81,107,-9999,-9999,-9999,-9999,-9999,-9999,-9999,-9999,-9999,-9999
GHCND:USW00013743,WASHINGTON REAGAN NATIONAL AIRPORT VA US,20130707,10,0,0,333,233,40,320,340,112,157,-9999,-9999,-9999,-9999,-9999,-9999,-9999,-9999,-9999,-9999
GHCND:USW00013743,WASHINGTON REAGAN NATIONAL AIRPORT VA US,20130708,10,0,0,306,228,28,300,290,81,130,-9999,-9999,-9999,-9999,-9999,-9999,-9999,-9999,-9999,-9999
GHCND:USW00013743,WASHINGTON REAGAN NATIONAL AIRPORT VA US,20130709,0,0,0,300,239,24,220,240,54,72,-9999,-9999,-9999,-9999,-9999,-9999,-9999,-9999,-9999,-9999
GHCND:USW00013743,WASHINGTON REAGAN NATIONAL AIRPORT VA US,20130710,145,0,0,322,239,43,220,220,157,174,-9999,-9999,-9999,-9999,-9999,-9999,-9999,-9999,-9999,-9999
GHCND:USW00013743,WASHINGTON REAGAN NATIONAL AIRPORT VA US,20130711,0,0,0,306,239,31,330,340,67,76,-9999,-9999,-9999,-9999,-9999,-9999,-9999,-9999,-9999,1
GHCND:USW00013743,WASHINGTON REAGAN NATIONAL AIRPORT VA US,20130712,353,0,0,244,211,43,310,320,103,130,-9999,-9999,-9999,-9999,-9999,-9999,-9999,-9999,-9999,-9999
GHCND:USW00013743,WASHINGTON REAGAN NATIONAL AIRPORT VA US,20130713,18,0,0,300,222,20,150,160,67,94,-9999,-9999,-9999,-9999,-9999,-9999,-9999,-9999,-9999,-9999
GHCND:USW00013743,WASHINGTON REAGAN NATIONAL AIRPORT VA US,20130714,0,0,0,317,239,31,180,310,54,72,-9999,-9999,-9999,-9999,-9999,-9999,-9999,-9999,-9999,-9999
GHCND:USW00013743,WASHINGTON REAGAN NATIONAL AIRPORT VA US,20130715,0,0,0,356,239,25,300,340,58,81,-9999,-9999,-9999,-9999,-9999,-9999,-9999,-9999,-9999,-9999
GHCND:USW00013743,WASHINGTON REAGAN NATIONAL AIRPORT VA US,20130716,0,0,0,356,267,32,350,300,72,103,-9999,-9999,-9999,-9999,-9999,-9999,-9999,-9999,-9999,-9999
GHCND:USW00013743,WASHINGTON REAGAN NATIONAL AIRPORT VA US,20130717,0,0,0,361,267,21,350,360,54,67,-9999,-9999,-9999,-9999,-9999,-9999,-9999,-9999,-9999,-9999
GHCND:USW00013743,WASHINGTON REAGAN NATIONAL AIRPORT VA US,20130718,264,0,0,350,267,26,50,350,107,139,-9999,-9999,-9999,-9999,-9999,-9999,-9999,-9999,-9999,1
GHCND:USW00013743,WASHINGTON REAGAN NATIONAL AIRPORT VA US,20130719,0,0,0,350,272,41,230,180,94,112,-9999,-9999,-9999,-9999,-9999,-9999,-9999,1,-9999,-9999
GHCND:USW00013743,WASHINGTON REAGAN NATIONAL AIRPORT VA US,20130720,0,0,0,344,267,44,220,210,81,98,-9999,-9999,-9999,-9999,-9999,-9999,-9999,-9999,-9999,1
GHCND:USW00013743,WASHINGTON REAGAN NATIONAL AIRPORT VA US,20130721,0,0,0,339,256,25,350,290,63,81,-9999,-9999,-9999,-9999,-9999,-9999,-9999,-9999,-9999,1
GHCND:USW00013743,WASHINGTON REAGAN NATIONAL AIRPORT VA US,20130722,25,0,0,317,244,29,210,200,72,94,-9999,-9999,-9999,-9999,-9999,-9999,-9999,-9999,-9999,-9999
GHCND:USW00013743,WASHINGTON REAGAN NATIONAL AIRPORT VA US,20130723,0,0,0,317,244,34,300,280,98,116,-9999,-9999,-9999,-9999,-9999,-9999,-9999,-9999,-9999,-9999
GHCND:USW00013743,WASHINGTON REAGAN NATIONAL AIRPORT VA US,20130724,0,0,0,300,233,48,20,320,89,107,-9999,-9999,-9999,-9999,-9999,-9999,-9999,-9999,-9999,-9999
GHCND:USW00013743,WASHINGTON REAGAN NATIONAL AIRPORT VA US,20130725,0,0,0,278,183,45,10,10,89,103,-9999,-9999,-9999,-9999,-9999,-9999,-9999,-9999,-9999,-9999
GHCND:USW00013743,WASHINGTON REAGAN NATIONAL AIRPORT VA US,20130726,0,0,0,289,194,30,180,180,63,72,-9999,-9999,-9999,-9999,-9999,-9999,-9999,-9999,-9999,-9999
GHCND:USW00013743,WASHINGTON REAGAN NATIONAL AIRPORT VA US,20130727,66,0,0,300,222,40,260,280,103,134,-9999,-9999,-9999,-9999,-9999,-9999,-9999,-9999,-9999,-9999
GHCND:USW00013743,WASHINGTON REAGAN NATIONAL AIRPORT VA US,20130728,0,0,0,289,222,34,360,360,63,81,-9999,-9999,-9999,-9999,-9999,-9999,-9999,-9999,-9999,-9999
GHCND:USW00013743,WASHINGTON REAGAN NATIONAL AIRPORT VA US,20130729,0,0,0,289,200,36,340,340,67,94,-9999,-9999,-9999,-9999,-9999,-9999,-9999,-9999,-9999,-9999
GHCND:USW00013743,WASHINGTON REAGAN NATIONAL AIRPORT VA US,20130730,0,0,0,294,189,21,350,10,63,94,-9999,-9999,-9999,-9999,-9999,-9999,-9999,-9999,-9999,-9999
GHCND:USW00013743,WASHINGTON REAGAN NATIONAL AIRPORT VA US,20130731,0,0,0,278,217,28,180,180,112,139,-9999,-9999,1,-9999,-9999,-9999,-9999,-9999,-9999,-9999
GHCND:USW00013743,WASHINGTON REAGAN NATIONAL AIRPORT VA US,20130801,104,0,0,283,211,33,180,180,67,89,-9999,-9999,-9999,-9999,-9999,-9999,-9999,-9999,-9999,-9999
GHCND:USW00013743,WASHINGTON REAGAN NATIONAL AIRPORT VA US,20130802,0,0,0,311,217,27,200,210,81,107,-9999,-9999,-9999,-9999,-9999,-9999,-9999,-9999,-9999,-9999
GHCND:USW00013743,WASHINGTON REAGAN NATIONAL AIRPORT VA US,20130803,8,0,0,278,211,23,330,340,67,76,-9999,-9999,-9999,-9999,-9999,-9999,-9999,1,-9999,-9999
GHCND:USW00013743,WASHINGTON REAGAN NATIONAL AIRPORT VA US,20130804,0,0,0,283,200,44,320,330,98,130,-9999,-9999,-9999,-9999,-9999,-9999,-9999,-9999,-9999,-9999
GHCND:USW00013743,WASHINGTON REAGAN NATIONAL AIRPORT VA US,20130805,0,0,0,278,172,27,350,360,72,125,-9999,-9999,-9999,-9999,-9999,-9999,-9999,1,-9999,-9999
GHCND:USW00013743,WASHINGTON REAGAN NATIONAL AIRPORT VA US,20130806,18,0,0,233,206,34,190,200,67,81,-9999,-9999,1,-9999,-9999,-9999,-9999,-9999,-9999,-9999
GHCND:USW00013743,WASHINGTON REAGAN NATIONAL AIRPORT VA US,20130807,0,0,0,294,222,42,180,180,72,81,-9999,-9999,-9999,-9999,-9999,-9999,-9999,-9999,-9999,-9999
GHCND:USW00013743,WASHINGTON REAGAN NATIONAL AIRPORT VA US,20130808,0,0,0,306,244,41,180,180,98,112,-9999,-9999,-9999,-9999,-9999,-9999,-9999,-9999,-9999,1
GHCND:USW00013743,WASHINGTON REAGAN NATIONAL AIRPORT VA US,20130809,0,0,0,339,256,51,230,240,98,130,-9999,-9999,-9999,-9999,-9999,-9999,-9999,-9999,-9999,-9999
GHCND:USW00013743,WASHINGTON REAGAN NATIONAL AIRPORT VA US,20130810,3,0,0,289,239,30,170,330,54,72,-9999,-9999,-9999,-9999,-9999,-9999,-9999,-9999,-9999,-9999
GHCND:USW00013743,WASHINGTON REAGAN NATIONAL AIRPORT VA US,20130811,0,0,0,300,233,24,170,170,58,72,-9999,-9999,-9999,-9999,-9999,-9999,-9999,-9999,-9999,-9999
GHCND:USW00013743,WASHINGTON REAGAN NATIONAL AIRPORT VA US,20130812,0,0,0,333,233,24,330,320,72,89,-9999,-9999,-9999,-9999,-9999,-9999,-9999,-9999,-9999,-9999
GHCND:USW00013743,WASHINGTON REAGAN NATIONAL AIRPORT VA US,20130813,112,0,0,317,217,34,320,320,116,157,-9999,-9999,-9999,-9999,-9999,-9999,-9999,-9999,-9999,-9999
GHCND:USW00013743,WASHINGTON REAGAN NATIONAL AIRPORT VA US,20130814,0,0,0,256,167,59,340,350,116,143,-9999,-9999,-9999,-9999,-9999,-9999,-9999,-9999,-9999,-9999
GHCND:USW00013743,WASHINGTON REAGAN NATIONAL AIRPORT VA US,20130815,0,0,0,267,156,27,140,140,67,89,-9999,-9999,-9999,-9999,-9999,-9999,-9999,-9999,-9999,-9999
GHCND:USW00013743,WASHINGTON REAGAN NATIONAL AIRPORT VA US,20130816,0,0,0,272,167,13,110,120,45,63,-9999,-9999,-9999,-9999,-9999,-9999,-9999,-9999,-9999,-9999
GHCND:USW00013743,WASHINGTON REAGAN NATIONAL AIRPORT VA US,20130817,0,0,0,272,172,35,100,100,72,94,-9999,-9999,-9999,-9999,-9999,-9999,-9999,-9999,-9999,-9999
GHCND:USW00013743,WASHINGTON REAGAN NATIONAL AIRPORT VA US,20130818,48,0,0,233,194,28,30,20,58,72,-9999,-9999,1,-9999,-9999,-9999,-9999,-9999,-9999,-9999
GHCND:USW00013743,WASHINGTON REAGAN NATIONAL AIRPORT VA US,20130819,0,0,0,239,183,26,200,180,58,98,-9999,-9999,-9999,-9999,-9999,-9999,-9999,-9999,-9999,-9999
GHCND:USW00013743,WASHINGTON REAGAN NATIONAL AIRPORT VA US,20130820,0,0,0,317,206,22,180,170,67,89,-9999,-9999,-9999,-9999,-9999,-9999,-9999,-9999,-9999,-9999
GHCND:USW00013743,WASHINGTON REAGAN NATIONAL AIRPORT VA US,20130821,18,0,0,317,228,32,230,230,76,94,-9999,-9999,-9999,-9999,-9999,-9999,-9999,-9999,-9999,-9999
GHCND:USW00013743,WASHINGTON REAGAN NATIONAL AIRPORT VA US,20130822,0,0,0,328,233,34,340,250,76,103,-9999,-9999,-9999,-9999,-9999,-9999,-9999,-9999,-9999,-9999
GHCND:USW00013743,WASHINGTON REAGAN NATIONAL AIRPORT VA US,20130823,28,0,0,261,189,30,20,30,72,94,-9999,-9999,-9999,-9999,-9999,-9999,-9999,-9999,-9999,-9999
GHCND:USW00013743,WASHINGTON REAGAN NATIONAL AIRPORT VA US,20130824,0,0,0,294,178,31,70,70,58,72,-9999,-9999,-9999,-9999,-9999,-9999,-9999,-9999,-9999,-9999
GHCND:USW00013743,WASHINGTON REAGAN NATIONAL AIRPORT VA US,20130825,0,0,0,283,183,26,180,180,76,94,-9999,-9999,-9999,-9999,-9999,-9999,-9999,-9999,-9999,-9999
GHCND:USW00013743,WASHINGTON REAGAN NATIONAL AIRPORT VA US,20130826,0,0,0,322,178,36,230,210,76,98,-9999,-9999,-9999,-9999,-9999,-9999,-9999,-9999,-9999,-9999
GHCND:USW00013743,WASHINGTON REAGAN NATIONAL AIRPORT VA US,20130827,0,0,0,344,228,35,340,350,76,107,-9999,-9999,-9999,-9999,-9999,-9999,-9999,-9999,-9999,-9999
GHCND:USW00013743,WASHINGTON REAGAN NATIONAL AIRPORT VA US,20130828,3,0,0,283,239,25,250,230,67,81,-9999,-9999,-9999,-9999,-9999,-9999,-9999,-9999,-9999,-9999
GHCND:USW00013743,WASHINGTON REAGAN NATIONAL AIRPORT VA US,20130829,0,0,0,306,233,36,70,70,67,81,-9999,-9999,-9999,-9999,-9999,-9999,-9999,-9999,-9999,-9999
GHCND:USW00013743,WASHINGTON REAGAN NATIONAL AIRPORT VA US,20130830,0,0,0,311,222,41,170,210,76,94,-9999,-9999,-9999,-9999,-9999,-9999,-9999,1,-9999,-9999
GHCND:USW00013743,WASHINGTON REAGAN NATIONAL AIRPORT VA US,20130831,0,0,0,333,228,46,200,190,76,103,-9999,-9999,-9999,-9999,-9999,-9999,-9999,1,-9999,-9999
GHCND:USW00013743,WASHINGTON REAGAN NATIONAL AIRPORT VA US,20130901,3,0,0,339,222,30,230,230,81,103,-9999,-9999,-9999,-9999,-9999,-9999,-9999,-9999,-9999,1
GHCND:USW00013743,WASHINGTON REAGAN NATIONAL AIRPORT VA US,20130902,28,0,0,333,228,26,210,180,67,89,-9999,-9999,-9999,-9999,-9999,-9999,-9999,-9999,-9999,1
GHCND:USW00013743,WASHINGTON REAGAN NATIONAL AIRPORT VA US,20130903,0,0,0,306,211,47,340,330,103,125,-9999,-9999,-9999,-9999,-9999,-9999,-9999,-9999,-9999,-9999
GHCND:USW00013743,WASHINGTON REAGAN NATIONAL AIRPORT VA US,20130904,0,0,0,294,183,35,180,160,72,94,-9999,-9999,-9999,-9999,-9999,-9999,-9999,-9999,-9999,-9999
GHCND:USW00013743,WASHINGTON REAGAN NATIONAL AIRPORT VA US,20130905,0,0,0,311,194,39,330,350,94,112,-9999,-9999,-9999,-9999,-9999,-9999,-9999,1,-9999,-9999
GHCND:USW00013743,WASHINGTON REAGAN NATIONAL AIRPORT VA US,20130906,0,0,0,256,161,30,30,50,81,103,-9999,-9999,-9999,-9999,-9999,-9999,-9999,-9999,-9999,-9999
GHCND:USW00013743,WASHINGTON REAGAN NATIONAL AIRPORT VA US,20130907,0,0,0,278,156,32,170,170,72,81,-9999,-9999,-9999,-9999,-9999,-9999,-9999,-9999,-9999,-9999
GHCND:USW00013743,WASHINGTON REAGAN NATIONAL AIRPORT VA US,20130908,0,0,0,328,206,33,60,60,81,103,-9999,-9999,-9999,-9999,-9999,-9999,-9999,-9999,-9999,-9999
GHCND:USW00013743,WASHINGTON REAGAN NATIONAL AIRPORT VA US,20130909,0,0,0,272,183,33,60,50,72,89,-9999,-9999,-9999,-9999,-9999,-9999,-9999,-9999,-9999,-9999
GHCND:USW00013743,WASHINGTON REAGAN NATIONAL AIRPORT VA US,20130910,0,0,0,333,228,41,170,180,67,76,-9999,-9999,-9999,-9999,-9999,-9999,-9999,-9999,-9999,-9999
GHCND:USW00013743,WASHINGTON REAGAN NATIONAL AIRPORT VA US,20130911,0,0,0,344,244,37,210,220,76,107,-9999,-9999,-9999,-9999,-9999,-9999,-9999,-9999,-9999,-9999
GHCND:USW00013743,WASHINGTON REAGAN NATIONAL AIRPORT VA US,20130912,46,0,0,339,228,33,330,330,81,116,-9999,-9999,-9999,-9999,-9999,-9999,-9999,-9999,-9999,-9999
GHCND:USW00013743,WASHINGTON REAGAN NATIONAL AIRPORT VA US,20130913,0,0,0,278,167,51,310,310,112,139,-9999,-9999,-9999,-9999,-9999,-9999,-9999,-9999,-9999,-9999
GHCND:USW00013743,WASHINGTON REAGAN NATIONAL AIRPORT VA US,20130914,0,0,0,228,133,43,330,330,81,116,-9999,-9999,-9999,-9999,-9999,-9999,-9999,-9999,-9999,-9999
GHCND:USW00013743,WASHINGTON REAGAN NATIONAL AIRPORT VA US,20130915,0,0,0,256,122,26,170,230,72,81,-9999,-9999,-9999,-9999,-9999,-9999,-9999,-9999,-9999,-9999
GHCND:USW00013743,WASHINGTON REAGAN NATIONAL AIRPORT VA US,20130916,13,0,0,250,172,38,350,350,89,103,-9999,-9999,-9999,-9999,-9999,-9999,-9999,-9999,-9999,-9999
GHCND:USW00013743,WASHINGTON REAGAN NATIONAL AIRPORT VA US,20130917,0,0,0,222,122,39,30,30,94,112,-9999,-9999,-9999,-9999,-9999,-9999,-9999,-9999,-9999,-9999
GHCND:USW00013743,WASHINGTON REAGAN NATIONAL AIRPORT VA US,20130918,0,0,0,233,111,19,120,110,63,72,-9999,-9999,-9999,-9999,-9999,-9999,-9999,-9999,-9999,-9999
GHCND:USW00013743,WASHINGTON REAGAN NATIONAL AIRPORT VA US,20130919,0,0,0,256,133,29,170,180,63,72,-9999,-9999,-9999,-9999,-9999,-9999,-9999,-9999,-9999,-9999
GHCND:USW00013743,WASHINGTON REAGAN NATIONAL AIRPORT VA US,20130920,0,0,0,278,161,34,170,160,63,81,-9999,-9999,-9999,-9999,-9999,-9999,-9999,-9999,-9999,-9999
GHCND:USW00013743,WASHINGTON REAGAN NATIONAL AIRPORT VA US,20130921,221,0,0,267,178,46,290,310,89,112,-9999,-9999,1,-9999,-9999,-9999,-9999,-9999,-9999,-9999
GHCND:USW00013743,WASHINGTON REAGAN NATIONAL AIRPORT VA US,20130922,0,0,0,244,144,47,350,350,81,98,-9999,-9999,-9999,-9999,-9999,-9999,-9999,-9999,-9999,-9999
GHCND:USW00013743,WASHINGTON REAGAN NATIONAL AIRPORT VA US,20130923,0,0,0,206,122,41,10,320,72,98,-9999,-9999,-9999,-9999,-9999,-9999,-9999,-9999,-9999,-9999
GHCND:USW00013743,WASHINGTON REAGAN NATIONAL AIRPORT VA US,20130924,0,0,0,239,106,28,310,340,58,94,-9999,-9999,-9999,-9999,-9999,-9999,-9999,-9999,-9999,-9999
GHCND:USW00013743,WASHINGTON REAGAN NATIONAL AIRPORT VA US,20130925,0,0,0,256,122,16,10,10,40,58,-9999,-9999,-9999,-9999,-9999,-9999,-9999,-9999,-9999,-9999
GHCND:USW00013743,WASHINGTON REAGAN NATIONAL AIRPORT VA US,20130926,0,0,0,250,150,19,90,100,54,63,-9999,-9999,-9999,-9999,-9999,-9999,-9999,-9999,-9999,-9999
GHCND:USW00013743,WASHINGTON REAGAN NATIONAL AIRPORT VA US,20130927,0,0,0,239,150,17,130,130,54,67,-9999,-9999,-9999,-9999,-9999,-9999,-9999,-9999,-9999,-9999
GHCND:USW00013743,WASHINGTON REAGAN NATIONAL AIRPORT VA US,20130928,0,0,0,228,156,21,60,70,58,76,-9999,-9999,-9999,-9999,-9999,-9999,-9999,-9999,-9999,-9999
GHCND:USW00013743,WASHINGTON REAGAN NATIONAL AIRPORT VA US,20130929,0,0,0,250,122,17,140,90,45,112,-9999,-9999,-9999,-9999,-9999,-9999,-9999,-9999,-9999,-9999
GHCND:USW00013743,WASHINGTON REAGAN NATIONAL AIRPORT VA US,20130930,0,0,0,244,133,16,130,130,58,67,-9999,-9999,-9999,-9999,-9999,-9999,-9999,-9999,-9999,-9999
GHCND:USW00013743,WASHINGTON REAGAN NATIONAL AIRPORT VA US,20131001,0,0,0,294,150,22,270,270,58,76,-9999,-9999,-9999,-9999,-9999,-9999,-9999,-9999,-9999,-9999
GHCND:USW00013743,WASHINGTON REAGAN NATIONAL AIRPORT VA US,20131002,0,0,0,311,172,26,260,270,72,89,-9999,-9999,-9999,-9999,-9999,-9999,-9999,-9999,-9999,-9999
GHCND:USW00013743,WASHINGTON REAGAN NATIONAL AIRPORT VA US,20131003,0,0,0,300,183,19,200,220,54,63,-9999,-9999,-9999,-9999,-9999,-9999,-9999,-9999,-9999,-9999
GHCND:USW00013743,WASHINGTON REAGAN NATIONAL AIRPORT VA US,20131004,0,0,0,322,189,14,320,330,58,72,-9999,-9999,-9999,-9999,-9999,-9999,-9999,-9999,-9999,-9999
GHCND:USW00013743,WASHINGTON REAGAN NATIONAL AIRPORT VA US,20131005,0,0,0,317,206,21,180,200,54,63,-9999,-9999,1,-9999,-9999,-9999,-9999,-9999,-9999,-9999
GHCND:USW00013743,WASHINGTON REAGAN NATIONAL AIRPORT VA US,20131006,0,0,0,328,206,39,180,170,81,103,-9999,-9999,-9999,-9999,-9999,-9999,-9999,-9999,-9999,-9999
GHCND:USW00013743,WASHINGTON REAGAN NATIONAL AIRPORT VA US,20131007,287,0,0,256,139,55,280,270,130,183,-9999,-9999,-9999,-9999,-9999,-9999,-9999,-9999,-9999,-9999
GHCND:USW00013743,WASHINGTON REAGAN NATIONAL AIRPORT VA US,20131008,0,0,0,206,122,37,20,30,76,98,-9999,-9999,-9999,-9999,-9999,-9999,-9999,-9999,-9999,-9999
GHCND:USW00013743,WASHINGTON REAGAN NATIONAL AIRPORT VA US,20131009,33,0,0,172,139,57,20,30,89,112,-9999,-9999,-9999,-9999,-9999,-9999,-9999,-9999,-9999,-9999
GHCND:USW00013743,WASHINGTON REAGAN NATIONAL AIRPORT VA US,20131010,452,0,0,156,128,60,20,10,89,112,-9999,-9999,1,-9999,-9999,-9999,-9999,-9999,-9999,-9999
GHCND:USW00013743,WASHINGTON REAGAN NATIONAL AIRPORT VA US,20131011,701,0,0,178,150,49,30,20,67,94,-9999,-9999,-9999,-9999,-9999,-9999,-9999,-9999,-9999,-9999
GHCND:USW00013743,WASHINGTON REAGAN NATIONAL AIRPORT VA US,20131012,74,0,0,206,167,50,50,50,81,107,-9999,-9999,-9999,-9999,-9999,-9999,-9999,-9999,-9999,-9999
GHCND:USW00013743,WASHINGTON REAGAN NATIONAL AIRPORT VA US,20131013,8,0,0,189,150,48,60,60,76,98,-9999,-9999,1,-9999,-9999,-9999,-9999,-9999,-9999,-9999
GHCND:USW00013743,WASHINGTON REAGAN NATIONAL AIRPORT VA US,20131014,0,0,0,217,139,30,50,40,72,89,-9999,-9999,-9999,-9999,-9999,-9999,-9999,-9999,-9999,-9999
GHCND:USW00013743,WASHINGTON REAGAN NATIONAL AIRPORT VA US,20131015,0,0,0,233,122,16,130,130,40,54,-9999,-9999,-9999,-9999,-9999,-9999,-9999,-9999,-9999,-9999
GHCND:USW00013743,WASHINGTON REAGAN NATIONAL AIRPORT VA US,20131016,0,0,0,228,172,22,180,180,45,58,-9999,-9999,-9999,-9999,-9999,-9999,-9999,-9999,-9999,-9999
GHCND:USW00013743,WASHINGTON REAGAN NATIONAL AIRPORT VA US,20131017,0,0,0,250,172,34,200,330,89,116,-9999,-9999,-9999,-9999,-9999,-9999,-9999,-9999,-9999,-9999
GHCND:USW00013743,WASHINGTON REAGAN NATIONAL AIRPORT VA US,20131018,0,0,0,206,117,30,320,320,112,143,-9999,-9999,-9999,-9999,-9999,-9999,-9999,-9999,-9999,-9999
GHCND:USW00013743,WASHINGTON REAGAN NATIONAL AIRPORT VA US,20131019,0,0,0,194,117,31,300,290,89,116,-9999,-9999,-9999,-9999,-9999,-9999,-9999,-9999,-9999,-9999
GHCND:USW00013743,WASHINGTON REAGAN NATIONAL AIRPORT VA US,20131020,0,0,0,189,94,39,310,300,125,174,-9999,-9999,-9999,-9999,-9999,-9999,-9999,-9999,-9999,-9999
GHCND:USW00013743,WASHINGTON REAGAN NATIONAL AIRPORT VA US,20131021,0,0,0,200,78,32,170,160,67,81,-9999,-9999,-9999,-9999,-9999,-9999,-9999,-9999,-9999,-9999
GHCND:USW00013743,WASHINGTON REAGAN NATIONAL AIRPORT VA US,20131022,0,0,0,200,106,33,10,320,67,89,-9999,-9999,-9999,-9999,-9999,-9999,-9999,-9999,-9999,-9999
GHCND:USW00013743,WASHINGTON REAGAN NATIONAL AIRPORT VA US,20131023,18,0,0,161,78,36,300,340,81,107,-9999,-9999,-9999,-9999,-9999,-9999,-9999,-9999,-9999,-9999
GHCND:USW00013743,WASHINGTON REAGAN NATIONAL AIRPORT VA US,20131024,0,0,0,122,56,40,290,290,94,125,-9999,-9999,-9999,-9999,-9999,-9999,-9999,-9999,-9999,-9999
GHCND:USW00013743,WASHINGTON REAGAN NATIONAL AIRPORT VA US,20131025,0,0,0,139,33,40,290,290,94,116,-9999,-9999,-9999,-9999,-9999,-9999,-9999,-9999,-9999,-9999
GHCND:USW00013743,WASHINGTON REAGAN NATIONAL AIRPORT VA US,20131026,0,0,0,139,17,45,210,230,107,143,-9999,-9999,-9999,-9999,-9999,-9999,-9999,-9999,-9999,-9999
GHCND:USW00013743,WASHINGTON REAGAN NATIONAL AIRPORT VA US,20131027,0,0,0,172,61,25,310,290,67,98,-9999,-9999,-9999,-9999,-9999,-9999,-9999,-9999,-9999,-9999
GHCND:USW00013743,WASHINGTON REAGAN NATIONAL AIRPORT VA US,20131028,0,0,0,189,61,15,340,340,54,72,-9999,-9999,-9999,-9999,-9999,-9999,-9999,-9999,-9999,-9999
GHCND:USW00013743,WASHINGTON REAGAN NATIONAL AIRPORT VA US,20131029,0,0,0,183,67,12,100,100,58,63,-9999,-9999,-9999,-9999,-9999,-9999,-9999,-9999,-9999,-9999
GHCND:USW00013743,WASHINGTON REAGAN NATIONAL AIRPORT VA US,20131030,15,0,0,178,117,16,170,180,54,63,-9999,-9999,1,-9999,-9999,-9999,-9999,-9999,-9999,-9999
GHCND:USW00013743,WASHINGTON REAGAN NATIONAL AIRPORT VA US,20131031,0,0,0,200,133,36,190,200,76,98,-9999,-9999,-9999,-9999,-9999,-9999,-9999,-9999,-9999,-9999
GHCND:USW00013743,WASHINGTON REAGAN NATIONAL AIRPORT VA US,20131101,36,0,0,228,156,47,200,270,116,157,-9999,-9999,-9999,-9999,-9999,-9999,-9999,-9999,-9999,-9999
GHCND:USW00013743,WASHINGTON REAGAN NATIONAL AIRPORT VA US,20131102,0,0,0,222,111,31,320,340,98,134,-9999,-9999,-9999,-9999,-9999,-9999,-9999,-9999,-9999,-9999
GHCND:USW00013743,WASHINGTON REAGAN NATIONAL AIRPORT VA US,20131103,0,0,0,150,67,49,360,340,98,125,-9999,-9999,-9999,-9999,-9999,-9999,-9999,-9999,-9999,-9999
GHCND:USW00013743,WASHINGTON REAGAN NATIONAL AIRPORT VA US,20131104,0,0,0,94,22,34,40,30,76,98,-9999,-9999,-9999,-9999,-9999,-9999,-9999,-9999,-9999,-9999
GHCND:USW00013743,WASHINGTON REAGAN NATIONAL AIRPORT VA US,20131105,0,0,0,150,44,9,360,360,36,45,-9999,-9999,-9999,-9999,-9999,-9999,-9999,-9999,-9999,-9999
GHCND:USW00013743,WASHINGTON REAGAN NATIONAL AIRPORT VA US,20131106,0,0,0,200,117,33,170,180,67,81,-9999,-9999,-9999,-9999,-9999,-9999,-9999,-9999,-9999,-9999
GHCND:USW00013743,WASHINGTON REAGAN NATIONAL AIRPORT VA US,20131107,3,0,0,183,72,58,330,340,139,170,-9999,-9999,-9999,-9999,-9999,-9999,-9999,-9999,-9999,-9999
GHCND:USW00013743,WASHINGTON REAGAN NATIONAL AIRPORT VA US,20131108,0,0,0,122,22,43,330,330,116,148,-9999,-9999,-9999,-9999,-9999,-9999,-9999,-9999,-9999,-9999
GHCND:USW00013743,WASHINGTON REAGAN NATIONAL AIRPORT VA US,20131109,0,0,0,133,11,39,190,200,89,107,-9999,-9999,-9999,-9999,-9999,-9999,-9999,-9999,-9999,-9999
GHCND:USW00013743,WASHINGTON REAGAN NATIONAL AIRPORT VA US,20131110,0,0,0,189,50,47,320,320,130,174,-9999,-9999,-9999,-9999,-9999,-9999,-9999,-9999,-9999,-9999
GHCND:USW00013743,WASHINGTON REAGAN NATIONAL AIRPORT VA US,20131111,0,0,0,144,39,38,200,200,76,103,-9999,-9999,-9999,-9999,-9999,-9999,-9999,1,-9999,-9999
GHCND:USW00013743,WASHINGTON REAGAN NATIONAL AIRPORT VA US,20131112,0,0,0,117,11,58,360,340,130,161,-9999,-9999,-9999,-9999,-9999,-9999,-9999,-9999,-9999,-9999
GHCND:USW00013743,WASHINGTON REAGAN NATIONAL AIRPORT VA US,20131113,0,0,0,72,0,43,330,340,107,134,-9999,-9999,-9999,-9999,-9999,-9999,-9999,-9999,-9999,-9999
GHCND:USW00013743,WASHINGTON REAGAN NATIONAL AIRPORT VA US,20131114,0,0,0,128,-16,23,210,220,45,67,-9999,-9999,-9999,-9999,-9999,-9999,-9999,-9999,-9999,-9999
GHCND:USW00013743,WASHINGTON REAGAN NATIONAL AIRPORT VA US,20131115,20,0,0,161,11,15,190,200,45,67,-9999,-9999,-9999,-9999,-9999,-9999,-9999,-9999,-9999,-9999
GHCND:USW00013743,WASHINGTON REAGAN NATIONAL AIRPORT VA US,20131116,86,0,0,122,83,8,120,110,45,45,-9999,-9999,-9999,-9999,-9999,-9999,-9999,-9999,-9999,-9999
GHCND:USW00013743,WASHINGTON REAGAN NATIONAL AIRPORT VA US,20131117,0,0,0,183,111,30,200,200,67,89,-9999,-9999,1,-9999,-9999,-9999,-9999,-9999,-9999,-9999
GHCND:USW00013743,WASHINGTON REAGAN NATIONAL AIRPORT VA US,20131118,38,0,0,217,111,56,310,310,112,161,-9999,-9999,1,-9999,-9999,-9999,-9999,-9999,-9999,-9999
GHCND:USW00013743,WASHINGTON REAGAN NATIONAL AIRPORT VA US,20131119,0,0,0,111,50,68,320,320,112,143,-9999,-9999,-9999,-9999,-9999,-9999,-9999,-9999,-9999,-9999
GHCND:USW00013743,WASHINGTON REAGAN NATIONAL AIRPORT VA US,20131120,0,0,0,94,22,38,20,40,72,81,-9999,-9999,-9999,-9999,-9999,-9999,-9999,-9999,-9999,-9999
GHCND:USW00013743,WASHINGTON REAGAN NATIONAL AIRPORT VA US,20131121,0,0,0,106,22,14,50,110,40,58,-9999,-9999,-9999,-9999,-9999,-9999,-9999,-9999,-9999,-9999
GHCND:USW00013743,WASHINGTON REAGAN NATIONAL AIRPORT VA US,20131122,0,0,0,172,83,22,330,340,107,125,-9999,-9999,-9999,-9999,-9999,-9999,-9999,-9999,-9999,-9999
GHCND:USW00013743,WASHINGTON REAGAN NATIONAL AIRPORT VA US,20131123,0,0,0,150,11,73,320,320,130,174,-9999,-9999,-9999,-9999,-9999,-9999,-9999,-9999,-9999,-9999
GHCND:USW00013743,WASHINGTON REAGAN NATIONAL AIRPORT VA US,20131124,0,0,0,11,-32,67,330,340,139,192,-9999,-9999,-9999,-9999,-9999,-9999,-9999,-9999,-9999,-9999
GHCND:USW00013743,WASHINGTON REAGAN NATIONAL AIRPORT VA US,20131125,0,0,0,33,-43,38,190,190,72,98,-9999,-9999,-9999,-9999,-9999,-9999,-9999,-9999,-9999,-9999
GHCND:USW00013743,WASHINGTON REAGAN NATIONAL AIRPORT VA US,20131126,371,0,0,94,17,32,300,320,72,94,-9999,-9999,-9999,-9999,-9999,-9999,-9999,-9999,-9999,-9999
GHCND:USW00013743,WASHINGTON REAGAN NATIONAL AIRPORT VA US,20131127,188,0,0,56,-5,64,330,320,130,174,-9999,-9999,1,-9999,-9999,-9999,-9999,-9999,-9999,-9999
GHCND:USW00013743,WASHINGTON REAGAN NATIONAL AIRPORT VA US,20131128,0,0,0,44,-21,36,300,290,112,161,-9999,-9999,-9999,-9999,-9999,-9999,-9999,-9999,-9999,-9999
GHCND:USW00013743,WASHINGTON REAGAN NATIONAL AIRPORT VA US,20131129,0,0,0,67,-16,38,340,340,94,112,-9999,-9999,-9999,-9999,-9999,-9999,-9999,-9999,-9999,-9999
GHCND:USW00013743,WASHINGTON REAGAN NATIONAL AIRPORT VA US,20131130,0,0,0,39,-21,14,50,40,40,54,-9999,-9999,-9999,-9999,-9999,-9999,-9999,-9999,-9999,-9999
GHCND:USW00013743,WASHINGTON REAGAN NATIONAL AIRPORT VA US,20131201,0,0,0,89,-10,12,180,180,40,45,-9999,-9999,-9999,-9999,-9999,-9999,-9999,-9999,-9999,-9999
GHCND:USW00013743,WASHINGTON REAGAN NATIONAL AIRPORT VA US,20131202,0,0,0,100,50,14,60,50,45,45,-9999,-9999,-9999,-9999,-9999,-9999,-9999,-9999,-9999,-9999
GHCND:USW00013743,WASHINGTON REAGAN NATIONAL AIRPORT VA US,20131203,0,0,0,133,50,8,170,170,45,54,-9999,-9999,-9999,-9999,-9999,-9999,-9999,-9999,-9999,-9999
GHCND:USW00013743,WASHINGTON REAGAN NATIONAL AIRPORT VA US,20131204,0,0,0,139,44,7,60,60,36,36,-9999,-9999,-9999,-9999,-9999,-9999,-9999,-9999,-9999,-9999
GHCND:USW00013743,WASHINGTON REAGAN NATIONAL AIRPORT VA US,20131205,0,0,0,206,94,36,200,210,94,116,-9999,-9999,1,-9999,-9999,-9999,-9999,-9999,-9999,-9999
GHCND:USW00013743,WASHINGTON REAGAN NATIONAL AIRPORT VA US,20131206,160,0,0,178,50,51,340,330,98,134,-9999,-9999,1,-9999,-9999,-9999,-9999,-9999,-9999,-9999
GHCND:USW00013743,WASHINGTON REAGAN NATIONAL AIRPORT VA US,20131207,41,0,0,72,6,56,360,340,89,103,-9999,-9999,1,-9999,-9999,-9999,-9999,-9999,-9999,-9999
GHCND:USW00013743,WASHINGTON REAGAN NATIONAL AIRPORT VA US,20131208,208,0,15,11,-16,40,30,20,72,89,-9999,-9999,-9999,-9999,-9999,-9999,-9999,-9999,-9999,-9999
GHCND:USW00013743,WASHINGTON REAGAN NATIONAL AIRPORT VA US,20131209,175,0,0,33,0,17,220,220,40,54,-9999,-9999,-9999,-9999,-9999,-9999,-9999,-9999,-9999,-9999
GHCND:USW00013743,WASHINGTON REAGAN NATIONAL AIRPORT VA US,20131210,89,0,23,44,-5,21,310,310,76,107,-9999,-9999,-9999,-9999,-9999,-9999,-9999,-9999,-9999,-9999
GHCND:USW00013743,WASHINGTON REAGAN NATIONAL AIRPORT VA US,20131211,0,0,0,61,-38,14,180,180,45,63,-9999,-9999,-9999,-9999,-9999,-9999,-9999,-9999,-9999,-9999
GHCND:USW00013743,WASHINGTON REAGAN NATIONAL AIRPORT VA US,20131212,0,0,0,17,-27,42,340,340,98,130,-9999,-9999,-9999,-9999,-9999,-9999,-9999,-9999,-9999,-9999
GHCND:USW00013743,WASHINGTON REAGAN NATIONAL AIRPORT VA US,20131213,0,0,0,72,-38,25,260,260,54,72,-9999,-9999,-9999,-9999,-9999,-9999,-9999,-9999,-9999,-9999
GHCND:USW00013743,WASHINGTON REAGAN NATIONAL AIRPORT VA US,20131214,117,0,0,56,11,33,320,320,76,94,-9999,-9999,1,-9999,-9999,-9999,-9999,-9999,-9999,-9999
GHCND:USW00013743,WASHINGTON REAGAN NATIONAL AIRPORT VA US,20131215,0,0,0,106,6,43,320,340,112,165,-9999,-9999,-9999,-9999,-9999,-9999,-9999,-9999,-9999,-9999
GHCND:USW00013743,WASHINGTON REAGAN NATIONAL AIRPORT VA US,20131216,0,0,0,39,6,31,350,350,63,81,-9999,-9999,-9999,-9999,-9999,-9999,-9999,-9999,-9999,-9999
GHCND:USW00013743,WASHINGTON REAGAN NATIONAL AIRPORT VA US,20131217,5,0,0,44,17,19,30,100,40,54,-9999,-9999,-9999,-9999,-9999,-9999,-9999,-9999,-9999,-9999
GHCND:USW00013743,WASHINGTON REAGAN NATIONAL AIRPORT VA US,20131218,0,0,0,67,0,30,300,310,98,134,-9999,-9999,-9999,-9999,-9999,-9999,-9999,-9999,-9999,-9999
GHCND:USW00013743,WASHINGTON REAGAN NATIONAL AIRPORT VA US,20131219,0,0,0,161,-10,33,210,220,67,89,-9999,-9999,-9999,-9999,-9999,-9999,-9999,-9999,-9999,-9999
GHCND:USW00013743,WASHINGTON REAGAN NATIONAL AIRPORT VA US,20131220,0,0,0,156,67,40,210,200,67,81,-9999,-9999,-9999,-9999,-9999,-9999,-9999,-9999,-9999,-9999
GHCND:USW00013743,WASHINGTON REAGAN NATIONAL AIRPORT VA US,20131221,0,0,0,222,106,58,210,210,116,143,-9999,-9999,-9999,-9999,-9999,-9999,-9999,-9999,-9999,-9999
GHCND:USW00013743,WASHINGTON REAGAN NATIONAL AIRPORT VA US,20131222,61,0,0,222,139,62,200,190,116,161,-9999,-9999,-9999,-9999,-9999,-9999,-9999,-9999,-9999,-9999
GHCND:USW00013743,WASHINGTON REAGAN NATIONAL AIRPORT VA US,20131223,216,0,0,178,50,54,350,350,112,139,-9999,-9999,1,-9999,-9999,-9999,-9999,-9999,-9999,-9999
GHCND:USW00013743,WASHINGTON REAGAN NATIONAL AIRPORT VA US,20131224,0,0,0,61,-32,68,330,330,139,174,-9999,-9999,-9999,-9999,-9999,-9999,-9999,-9999,-9999,-9999
GHCND:USW00013743,WASHINGTON REAGAN NATIONAL AIRPORT VA US,20131225,0,0,0,6,-55,31,340,350,76,98,-9999,-9999,-9999,-9999,-9999,-9999,-9999,-9999,-9999,-9999
GHCND:USW00013743,WASHINGTON REAGAN NATIONAL AIRPORT VA US,20131226,0,0,0,72,-27,24,210,180,58,76,-9999,-9999,-9999,-9999,-9999,-9999,-9999,-9999,-9999,-9999
GHCND:USW00013743,WASHINGTON REAGAN NATIONAL AIRPORT VA US,20131227,0,0,0,100,-10,24,190,190,54,63,-9999,-9999,-9999,-9999,-9999,-9999,-9999,-9999,-9999,-9999
GHCND:USW00013743,WASHINGTON REAGAN NATIONAL AIRPORT VA US,20131228,0,0,0,139,-10,32,180,170,67,76,-9999,-9999,-9999,-9999,-9999,-9999,-9999,-9999,-9999,-9999
GHCND:USW00013743,WASHINGTON REAGAN NATIONAL AIRPORT VA US,20131229,333,0,0,106,56,29,80,80,72,89,-9999,-9999,1,-9999,-9999,-9999,-9999,-9999,-9999,-9999
GHCND:USW00013743,WASHINGTON REAGAN NATIONAL AIRPORT VA US,20131230,0,0,0,89,17,39,340,330,94,107,-9999,-9999,-9999,-9999,-9999,-9999,-9999,-9999,-9999,-9999
GHCND:USW00013743,WASHINGTON REAGAN NATIONAL AIRPORT VA US,20131231,0,0,0,94,-5,50,290,290,107,143,-9999,-9999,-9999,-9999,-9999,-9999,-9999,-9999,-9999,-9999
GHCND:USW00013743,WASHINGTON REAGAN NATIONAL AIRPORT VA US,20140101,0,0,0,89,-10,21,180,170,58,67,-9999,-9999,-9999,-9999,-9999,-9999,-9999,-9999,-9999,-9999
